ID,Experience_Years,Age,Gender,Salary
1,5,28,Female,250000
2,1,21,Male,50000
3,3,23,Female,170000
4,2,22,Male,25000
5,1,17,Male,10000
6,25,62,Male,5001000
7,19,54,Female,800000
8,2,21,Female,9000
9,10,36,Female,61500
10,15,54,Female,650000
11,4,26,Female,250000
12,6,29,Male,1400000
13,14,39,Male,6000050
14,11,40,Male,220100
15,2,23,Male,7500
16,4,27,Female,87000
17,10,34,Female,930000
18,15,54,Female,7900000
19,2,21,Male,15000
20,10,36,Male,330000
21,15,54,Male,6570000
22,4,26,Male,25000
23,5,29,Male,6845000
24,1,21,Female,6000
25,4,23,Female,8900
26,3,22,Female,20000
27,1,18,Male,3000
28,27,62,Female,10000000
29,19,54,Female,5000000
30,2,21,Female,6100
31,10,34,Male,80000
32,15,54,Male,900000
33,20,55,Female,1540000
34,19,53,Female,9300000
35,16,49,Male,7600000
36,26,64,Female,5168515
37,2,41,Female,7606748
38,5,39,Male,4468158
39,29,22,Female,8808208
40,5,50,Male,6186422
41,6,53,Female,2274070
42,19,64,Female,4418359
43,8,37,Female,7645167
44,16,36,Male,2836569
45,13,52,Female,7327153
46,1,60,Female,9842371
47,22,34,Female,2524507
48,20,62,Male,1261715
49,17,60,Male,8473865
50,7,51,Female,1531534
51,25,26,Male,829143
52,13,43,Female,7351562
53,4,19,Female,3807986
54,4,26,Female,376616
55,6,26,Female,1965155
56,28,57,Female,9168766
57,19,34,Female,2715527
58,29,18,Female,1773967
59,12,42,Male,9309991
60,22,60,Male,8375043
61,7,57,Male,284215
62,27,59,Male,2848236
63,10,42,Male,7384933
64,26,56,Male,8666957
65,19,52,Male,6158973
66,7,20,Female,6040218
67,3,54,Female,1965584
68,13,61,Female,6228754
69,13,61,Female,5590709
70,18,47,Male,9809815
71,28,55,Male,583688
72,26,51,Female,4231156
73,20,29,Female,5760892
74,28,36,Male,7988372
75,8,54,Female,8132747
76,29,61,Female,4232995
77,9,34,Female,7342694
78,7,27,Female,8926334
79,1,64,Male,3957255
80,3,29,Female,3822242
81,13,33,Female,4995488
82,28,41,Male,244968
83,25,36,Male,8682571
84,28,25,Female,2597536
85,17,48,Male,5509381
86,25,38,Female,524165
87,24,34,Female,4419084
88,1,40,Male,3445866
89,6,54,Female,3883363
90,21,33,Female,1032557
91,6,23,Female,7440697
92,26,25,Female,5903885
93,12,42,Male,7606723
94,13,35,Male,7951155
95,13,42,Female,5693238
96,29,29,Male,9599731
97,15,32,Female,6708560
98,21,43,Female,1790559
99,16,58,Female,8702057
100,22,62,Female,538634
101,21,43,Female,3937747
102,11,64,Male,8583845
103,28,49,Female,8107873
104,5,27,Male,9249655
105,4,33,Male,4628636
106,3,24,Female,7561855
107,19,34,Female,5339233
108,20,40,Female,1411368
109,25,43,Female,6846300
110,18,38,Female,9239082
111,15,39,Male,5790267
112,9,24,Female,1229744
113,17,31,Female,5975226
114,14,32,Male,4867894
115,15,24,Male,2136018
116,1,26,Female,8215710
117,21,25,Male,3494429
118,22,40,Female,6893260
119,22,46,Male,6483443
120,3,35,Male,299746
121,16,48,Female,5715754
122,23,47,Male,5437019
123,25,56,Male,4357892
124,11,52,Male,1707159
125,12,35,Male,3762985
126,10,59,Male,3807177
127,16,56,Male,8517558
128,8,34,Female,1158224
129,6,31,Female,2655235
130,12,48,Male,4745039
131,24,41,Female,8304350
132,28,52,Female,9698374
133,21,61,Female,2308554
134,8,62,Male,4025120
135,26,51,Female,2951862
136,28,20,Male,2681517
137,4,54,Female,4312086
138,26,60,Male,7336006
139,8,57,Male,9020828
140,26,43,Female,8334442
141,28,40,Female,6174912
142,18,61,Male,8836924
143,28,56,Female,3522741
144,28,32,Female,6173563
145,5,21,Female,3461653
146,9,46,Male,5434219
147,4,39,Male,480595
148,27,42,Female,9859352
149,22,30,Female,1893806
150,17,35,Female,2153091
151,9,50,Male,3966676
152,1,33,Male,1765462
153,21,62,Female,4063848
154,20,59,Female,814178
155,13,61,Female,7937310
156,28,19,Female,4782402
157,16,52,Female,6939106
158,29,59,Female,7491327
159,13,51,Male,2567605
160,14,47,Female,726037
161,3,30,Male,5512683
162,29,30,Female,6422954
163,6,35,Female,1026469
164,18,49,Male,6761350
165,19,49,Male,5784277
166,5,52,Male,2897371
167,15,56,Male,6975199
168,25,63,Female,468001
169,2,46,Male,6016493
170,10,46,Female,2827136
171,24,61,Male,520693
172,18,33,Female,2641722
173,27,61,Female,7823114
174,13,64,Female,244017
175,5,27,Female,419994
176,23,47,Female,946768
177,24,42,Female,5717044
178,1,56,Male,8048846
179,22,37,Female,1081941
180,1,22,Male,470982
181,18,18,Male,2543568
182,15,47,Female,278146
183,17,20,Male,5458174
184,11,62,Female,6129152
185,21,31,Male,1169795
186,26,47,Female,9782938
187,25,21,Male,7135030
188,22,35,Female,2682747
189,27,54,Female,2414381
190,27,42,Female,7031492
191,17,18,Female,8314411
192,13,63,Male,6864216
193,1,32,Female,2948295
194,2,26,Male,3288616
195,9,32,Male,82175
196,3,41,Male,2083808
197,1,21,Female,1362453
198,21,29,Male,3016786
199,16,54,Male,100028
200,23,54,Male,1563242
201,6,60,Female,4324453
202,28,23,Female,4953008
203,17,56,Male,5450315
204,5,63,Female,8557442
205,5,41,Female,2372555
206,6,28,Male,9623395
207,3,30,Male,3017359
208,21,51,Female,9719177
209,23,42,Male,9810436
210,5,24,Female,2419165
211,21,21,Female,7209776
212,5,25,Female,3213823
213,10,37,Female,7462918
214,10,46,Female,5056646
215,19,62,Female,3630654
216,17,63,Male,290711
217,21,27,Male,5283172
218,14,60,Female,9516997
219,9,51,Female,6917880
220,14,43,Female,580919
221,1,58,Male,3336106
222,19,20,Female,9246354
223,13,23,Male,427381
224,13,22,Female,981433
225,4,22,Female,8227462
226,1,64,Male,4905164
227,17,40,Male,9914551
228,8,26,Female,6341356
229,2,52,Female,5684042
230,28,37,Female,406067
231,8,59,Male,7099176
232,7,52,Male,465796
233,26,35,Male,7745616
234,26,34,Male,5999376
235,2,41,Male,5294283
236,22,20,Male,5863338
237,22,49,Female,4994904
238,3,52,Female,9397609
239,27,55,Male,317023
240,18,30,Female,6275016
241,12,64,Female,7325583
242,1,42,Male,7827636
243,22,26,Female,3182902
244,12,21,Male,760111
245,5,31,Male,2325715
246,27,54,Female,2239805
247,25,51,Male,4309459
248,17,28,Male,1904054
249,16,58,Male,3462550
250,15,20,Male,1555184
251,23,45,Male,4179482
252,15,46,Male,8158113
253,5,26,Male,3278523
254,21,20,Male,8482276
255,14,42,Female,6966383
256,2,51,Female,7965339
257,11,29,Female,2775742
258,19,59,Male,2775374
259,7,26,Male,7301405
260,6,32,Female,6851539
261,28,57,Female,8664522
262,2,42,Female,4114803
263,6,22,Male,5641289
264,18,28,Female,8756063
265,2,51,Female,1039586
266,18,41,Male,6045502
267,15,32,Female,5552094
268,27,55,Male,3105581
269,19,25,Male,2666637
270,2,22,Male,3677277
271,20,43,Female,2089504
272,25,35,Female,3026372
273,6,23,Male,4859042
274,1,54,Female,2476378
275,24,30,Female,3835121
276,15,45,Female,5358912
277,28,22,Female,1358324
278,23,30,Male,6758008
279,10,34,Female,6129386
280,19,57,Male,3377455
281,17,62,Male,4273173
282,5,49,Female,6039722
283,29,46,Male,9263415
284,4,20,Female,7015131
285,10,57,Female,4401720
286,24,51,Male,4075028
287,17,57,Male,7956036
288,10,44,Male,6874989
289,17,30,Male,1374277
290,28,62,Female,5527567
291,20,50,Female,6727090
292,24,23,Female,754971
293,5,41,Male,8227502
294,2,36,Male,7754972
295,6,33,Male,4465276
296,21,57,Female,7461688
297,2,45,Male,4080837
298,13,50,Female,9735665
299,11,58,Male,2238706
300,11,30,Female,6099645
301,16,60,Female,8879365
302,11,62,Male,2059376
303,19,42,Male,1190111
304,15,59,Female,4966828
305,25,53,Female,7737752
306,23,44,Male,2397919
307,23,55,Male,1505948
308,16,24,Female,6332090
309,11,22,Male,4112834
310,22,60,Female,2413630
311,16,62,Female,9988526
312,8,48,Male,5842196
313,4,40,Male,8100213
314,8,59,Male,2707994
315,4,27,Male,5924626
316,24,49,Male,5562805
317,25,60,Female,4907444
318,3,47,Female,197512
319,3,56,Male,3719379
320,27,48,Male,5850447
321,29,35,Male,1554420
322,18,53,Female,3350647
323,29,19,Male,8317934
324,26,31,Male,3905379
325,19,30,Female,3809409
326,19,46,Female,6727055
327,21,29,Male,9040949
328,5,56,Male,1525982
329,18,19,Male,6286646
330,28,49,Female,4003422
331,10,30,Male,6431288
332,29,63,Male,9595446
333,22,44,Male,2169563
334,21,58,Female,5186377
335,6,34,Female,5286091
336,1,57,Male,4413285
337,5,48,Male,8017369
338,9,51,Female,4209955
339,12,41,Female,5064667
340,26,62,Female,8095736
341,14,52,Female,2990696
342,2,23,Female,8148179
343,17,36,Female,8831233
344,14,47,Female,3306106
345,26,24,Female,1377070
346,13,27,Female,2598726
347,27,58,Male,6726308
348,9,49,Male,8246353
349,26,51,Male,5675706
350,25,45,Female,4455252
351,15,32,Male,9963665
352,25,47,Female,9254677
353,22,54,Female,9250234
354,15,46,Male,8499630
355,24,39,Female,5660635
356,11,21,Male,4980045
357,16,37,Male,475529
358,29,49,Male,166445
359,17,53,Female,3839242
360,26,21,Male,6499503
361,4,44,Female,689029
362,1,34,Male,5342355
363,8,29,Male,8903978
364,17,39,Male,6986440
365,3,34,Female,4004694
366,29,27,Female,3313505
367,20,18,Female,8206428
368,15,39,Male,213944
369,15,43,Male,5191686
370,24,35,Female,7581472
371,22,31,Female,1366303
372,14,64,Female,4206765
373,26,46,Female,7969443
374,28,29,Female,2899100
375,23,53,Female,4671805
376,14,52,Male,1202162
377,24,29,Female,1051161
378,2,24,Male,6679851
379,13,46,Male,4693482
380,26,28,Female,8353022
381,14,50,Female,6988604
382,27,23,Male,1902501
383,24,64,Female,4759619
384,19,32,Female,6470377
385,7,49,Male,6134439
386,3,28,Male,9066826
387,15,40,Male,3890250
388,23,43,Female,8996899
389,14,51,Male,4907059
390,11,63,Female,6612912
391,15,51,Male,5578694
392,28,46,Male,5233566
393,13,21,Male,724407
394,18,34,Female,2543143
395,26,52,Female,342913
396,6,30,Male,333821
397,3,58,Male,3892008
398,19,56,Male,6730275
399,15,32,Female,3620652
400,25,46,Male,5198734
401,23,46,Female,8462411
402,5,28,Male,7777580
403,28,49,Male,812744
404,10,19,Male,9142344
405,7,64,Male,5725622
406,25,31,Male,9093147
407,17,37,Male,8639012
408,7,39,Female,6938705
409,22,28,Male,5550403
410,26,44,Female,22297
411,12,20,Male,793443
412,25,34,Male,3270962
413,17,61,Female,6015334
414,13,45,Male,9620754
415,20,46,Female,5757613
416,25,38,Female,1338572
417,4,64,Male,5642025
418,10,33,Female,8077879
419,3,54,Female,9009471
420,9,37,Male,4706669
421,13,23,Female,3770056
422,18,36,Male,3330315
423,15,22,Male,5222092
424,4,20,Male,8269605
425,15,18,Male,833791
426,22,55,Female,3825887
427,2,32,Male,6657346
428,15,51,Male,2851274
429,8,52,Female,5993099
430,8,42,Male,7074337
431,17,41,Male,7876917
432,12,29,Female,5451079
433,19,35,Female,381794
434,10,32,Female,3883450
435,9,61,Female,3038349
436,5,33,Female,9915074
437,6,44,Female,6412054
438,20,25,Female,787877
439,26,63,Male,4907825
440,2,42,Female,7073132
441,27,34,Female,6304492
442,24,46,Female,5803946
443,27,25,Male,7241694
444,13,32,Male,5933643
445,6,44,Female,9729700
446,5,63,Female,6054850
447,25,24,Female,855350
448,1,20,Male,8561255
449,21,46,Male,2338679
450,22,61,Female,440477
451,21,41,Male,7741484
452,6,20,Female,5656944
453,6,37,Male,4332308
454,23,63,Male,1586420
455,16,32,Female,791261
456,4,42,Female,3499708
457,11,47,Female,6957314
458,24,31,Female,3084042
459,23,24,Male,6670769
460,9,34,Male,6543655
461,23,61,Male,8519668
462,3,37,Female,5973633
463,19,53,Male,6903046
464,8,26,Female,3082099
465,5,55,Male,2849180
466,4,39,Female,6763699
467,24,19,Female,7988939
468,6,41,Male,5071112
469,2,25,Female,4098886
470,20,28,Female,8955668
471,28,30,Male,5306358
472,11,34,Female,1511145
473,4,25,Female,2653202
474,15,38,Female,1197931
475,6,35,Male,4894084
476,22,47,Male,7138456
477,17,35,Female,876522
478,24,63,Male,6054531
479,6,64,Female,9935855
480,19,48,Female,6895709
481,25,55,Female,2186906
482,2,49,Female,8995884
483,15,28,Female,1505134
484,11,62,Male,2609884
485,8,42,Female,1710243
486,26,50,Male,4279692
487,19,55,Male,244779
488,13,58,Female,2980605
489,12,25,Female,5104154
490,5,28,Male,6294249
491,6,39,Male,8157885
492,26,41,Male,9181748
493,22,58,Female,6169014
494,4,34,Male,7504412
495,19,29,Female,6221074
496,20,63,Female,5338968
497,1,49,Female,4593727
498,20,32,Male,8330032
499,17,33,Female,8983989
500,12,39,Female,3688909
501,15,45,Female,1544600
502,1,37,Female,7470106
503,26,50,Female,5088801
504,14,27,Male,2232503
505,6,57,Female,3075771
506,5,49,Female,1148647
507,11,50,Male,7161406
508,4,19,Female,1421953
509,13,50,Male,2699245
510,11,50,Female,426280
511,3,58,Male,914245
512,1,30,Male,346207
513,6,47,Female,1235746
514,18,50,Female,3294791
515,24,30,Female,597632
516,10,43,Male,9865786
517,5,39,Male,1167189
518,23,56,Male,5735385
519,10,19,Female,8807907
520,12,55,Male,2386486
521,2,56,Male,6718070
522,13,43,Female,8173326
523,8,63,Male,5398455
524,2,32,Male,130438
525,20,51,Female,3775183
526,1,59,Male,7090904
527,5,61,Female,6704744
528,9,57,Female,9029327
529,17,28,Female,2806445
530,9,20,Female,9201866
531,11,23,Female,6844789
532,15,26,Male,8575556
533,24,23,Male,2587814
534,6,26,Female,3774457
535,23,56,Female,1211751
536,3,48,Male,958692
537,17,49,Female,222770
538,5,58,Female,4104906
539,28,29,Female,4841917
540,12,25,Male,6974129
541,18,25,Male,5915184
542,14,45,Female,6087199
543,21,37,Female,5306533
544,24,64,Male,1795008
545,11,24,Male,1831525
546,9,28,Female,4518070
547,2,37,Female,9732138
548,12,33,Male,7422874
549,3,21,Male,6156537
550,3,23,Male,4471951
551,1,39,Female,1483768
552,8,43,Male,7094478
553,22,20,Female,9958821
554,28,58,Male,5129674
555,29,59,Male,8331435
556,8,31,Male,9081760
557,11,28,Male,407980
558,9,35,Female,9431944
559,5,29,Female,9562540
560,14,40,Male,7562260
561,28,29,Female,6937667
562,3,30,Male,9842695
563,21,42,Male,2536528
564,5,62,Male,2113542
565,5,36,Male,6927496
566,19,63,Female,9331243
567,27,53,Male,3507626
568,14,62,Male,1391689
569,26,25,Female,2851230
570,4,46,Male,2123433
571,25,49,Male,5558535
572,13,61,Male,3683621
573,10,35,Female,4561766
574,25,23,Male,6232018
575,18,35,Female,5005546
576,8,36,Male,9691599
577,8,39,Male,6976138
578,7,54,Female,8612009
579,8,49,Male,9378740
580,14,58,Male,8552900
581,19,20,Female,7550189
582,29,45,Female,8857545
583,6,27,Female,2686206
584,1,52,Female,9585705
585,23,46,Female,6648433
586,15,32,Male,192771
587,1,50,Female,242199
588,25,24,Male,7295213
589,17,29,Male,2862281
590,1,47,Male,2279316
591,15,38,Female,9976822
592,23,48,Female,756518
593,2,41,Male,8232323
594,14,37,Female,518313
595,21,54,Female,2337214
596,8,21,Female,5086820
597,8,45,Female,5271662
598,19,61,Male,9047832
599,7,37,Male,2255397
600,19,41,Female,8296860
601,6,49,Male,8848026
602,6,58,Female,7731360
603,3,53,Female,7851613
604,7,51,Male,1477542
605,19,53,Male,8338648
606,8,19,Male,4478014
607,10,32,Female,567621
608,20,51,Male,3534801
609,15,53,Female,4813163
610,15,23,Male,6289851
611,29,56,Male,1603099
612,1,59,Female,9605177
613,20,29,Female,1200885
614,7,20,Female,9549691
615,27,62,Female,3903190
616,4,35,Female,7391133
617,29,57,Female,3393445
618,6,38,Female,2747974
619,25,32,Female,9672788
620,1,50,Male,8202590
621,29,52,Female,8187535
622,5,43,Female,8071513
623,27,25,Male,2589182
624,23,53,Female,4368089
625,1,47,Male,2802921
626,4,40,Male,8662768
627,22,59,Female,446904
628,2,61,Male,5075414
629,10,31,Female,5097792
630,5,31,Male,583526
631,27,19,Male,6617208
632,10,54,Male,7592676
633,1,22,Female,842393
634,22,55,Female,5139544
635,6,62,Male,819422
636,13,58,Male,5310431
637,15,64,Female,9128591
638,4,31,Female,2268429
639,13,56,Male,3140812
640,24,42,Male,2943687
641,20,37,Female,5158435
642,24,19,Female,1421842
643,15,56,Female,3694024
644,29,23,Female,4401650
645,8,34,Female,3707418
646,5,42,Male,3646771
647,29,45,Female,6433099
648,15,19,Male,4084441
649,4,52,Female,5361430
650,12,54,Male,6780602
651,13,22,Female,965652
652,2,18,Female,2193370
653,27,57,Male,9942093
654,19,29,Male,9960951
655,19,53,Female,6990945
656,4,62,Female,9149220
657,4,40,Female,3999528
658,26,64,Female,2081475
659,11,48,Female,2146912
660,27,28,Male,3149311
661,5,27,Male,290622
662,20,20,Female,1967889
663,11,31,Male,1401436
664,10,33,Male,9061148
665,8,27,Male,2200690
666,6,46,Female,9981844
667,6,27,Male,5175080
668,8,29,Female,4710815
669,23,47,Male,2987410
670,15,58,Female,6679192
671,26,18,Male,1409355
672,14,22,Female,5061093
673,11,37,Female,2469722
674,12,25,Male,6564442
675,26,60,Female,5635761
676,13,29,Female,2906092
677,8,18,Female,9916142
678,18,37,Female,1727907
679,25,45,Female,2875574
680,1,60,Female,6887799
681,15,54,Female,7957017
682,8,64,Female,6926983
683,28,54,Male,6531925
684,11,29,Male,5370986
685,12,54,Female,6764291
686,12,61,Female,8348528
687,4,45,Male,5537388
688,16,64,Male,8025364
689,4,32,Male,7456747
690,5,23,Female,3886857
691,24,61,Male,4542871
692,5,37,Female,296464
693,8,31,Female,4744400
694,10,19,Male,123581
695,17,26,Female,5375807
696,28,54,Female,3857256
697,26,37,Female,8732148
698,9,43,Female,506590
699,22,46,Male,9812020
700,19,18,Male,3365492
701,29,52,Female,877328
702,14,23,Female,4814479
703,8,54,Male,3115691
704,9,22,Female,1363097
705,22,50,Male,8318157
706,11,31,Female,1299315
707,23,29,Female,6092595
708,1,59,Male,2580508
709,14,37,Male,9751919
710,5,41,Male,4515784
711,21,60,Male,9683075
712,26,51,Female,169074
713,14,42,Male,2575466
714,4,46,Female,9184253
715,22,56,Male,3292093
716,23,48,Male,1022481
717,25,64,Female,3599804
718,1,60,Male,8456115
719,22,40,Male,9499318
720,23,61,Male,2343377
721,19,55,Male,811564
722,8,37,Female,3923949
723,15,40,Female,6052511
724,21,62,Male,742954
725,15,33,Male,2913056
726,9,59,Male,7845130
727,21,25,Female,8362998
728,9,38,Female,9100781
729,10,18,Female,5939261
730,20,25,Female,4515579
731,25,46,Male,9073055
732,21,49,Male,9455012
733,26,55,Male,7568493
734,9,22,Female,2540232
735,3,64,Male,7709694
736,20,39,Female,2383907
737,25,64,Female,6995607
738,26,51,Male,4537688
739,11,18,Male,7584751
740,6,43,Male,7138131
741,2,60,Female,2368162
742,7,27,Female,4886909
743,18,47,Male,5685820
744,27,35,Male,9308721
745,2,34,Female,2697794
746,27,43,Male,2350704
747,17,25,Female,8816940
748,11,64,Female,8225038
749,27,57,Male,8282983
750,12,29,Male,297575
751,27,44,Male,1464700
752,19,25,Male,8422944
753,22,42,Female,3206078
754,24,63,Female,2612622
755,25,21,Female,1891963
756,7,50,Male,5309120
757,20,18,Female,2777605
758,6,36,Male,1452947
759,21,48,Male,5818775
760,24,33,Male,7247447
761,1,31,Male,8283499
762,17,22,Male,6477652
763,29,58,Male,6611470
764,11,43,Female,1503339
765,22,45,Male,681296
766,26,19,Female,384039
767,28,23,Female,533714
768,18,26,Male,7040655
769,21,50,Male,8373352
770,17,58,Male,2916190
771,7,42,Female,8946047
772,17,30,Male,4147535
773,20,26,Female,278452
774,9,30,Male,9172491
775,17,48,Male,4376047
776,20,58,Female,7189872
777,22,28,Female,2194921
778,22,21,Male,7432297
779,28,51,Female,3203156
780,29,55,Female,5806038
781,8,63,Female,4827139
782,17,21,Female,4959582
783,7,55,Female,767371
784,1,36,Male,3262945
785,13,23,Male,8284143
786,23,51,Female,5666064
787,19,35,Male,3773950
788,27,30,Male,147980
789,24,58,Female,6505785
790,19,40,Male,262354
791,29,36,Female,7868438
792,17,62,Female,5959075
793,13,28,Male,7977368
794,29,18,Female,2240883
795,16,41,Female,769265
796,8,24,Female,6635840
797,19,42,Female,5673889
798,18,38,Female,313617
799,1,32,Male,749748
800,14,18,Male,5092692
801,19,29,Female,739275
802,15,24,Female,6219638
803,18,32,Male,9691427
804,2,38,Female,9427794
805,22,36,Male,8992114
806,28,46,Female,5444296
807,17,42,Female,6199224
808,18,50,Female,8950326
809,6,49,Female,6029293
810,19,52,Female,6198367
811,4,61,Female,9990461
812,1,55,Female,5323331
813,8,43,Male,8746022
814,29,28,Male,2968944
815,23,52,Male,3953401
816,7,25,Female,129932
817,3,63,Female,5239259
818,10,31,Female,8661691
819,10,27,Female,6855807
820,19,19,Female,6285757
821,14,63,Female,6789672
822,2,26,Female,3882809
823,28,20,Male,4881709
824,1,38,Female,9952034
825,23,43,Male,2597316
826,23,25,Male,5900725
827,28,19,Female,8682828
828,18,23,Female,5443757
829,7,45,Male,9788893
830,29,46,Male,2669749
831,8,43,Female,6733926
832,1,42,Female,4004453
833,25,29,Male,9800586
834,23,22,Female,7251813
835,3,51,Female,2926989
836,24,54,Female,989156
837,23,32,Male,3718543
838,27,61,Male,9257267
839,29,53,Male,1208920
840,8,32,Female,3113591
841,22,60,Female,752852
842,25,40,Male,9550226
843,15,23,Male,5301990
844,5,63,Male,6933655
845,3,61,Female,9501418
846,19,60,Male,9205891
847,1,62,Male,1826367
848,28,38,Female,3377863
849,15,40,Female,2904033
850,8,60,Female,1583315
851,2,33,Male,7432210
852,3,64,Female,8303852
853,24,32,Female,6098073
854,14,42,Male,1354590
855,24,53,Female,5371645
856,14,28,Male,5634905
857,11,32,Male,3050529
858,16,21,Female,5445107
859,4,38,Female,7108260
860,20,30,Female,7086530
861,5,39,Female,9863401
862,22,36,Female,2902706
863,21,51,Female,8287356
864,14,31,Male,3206473
865,23,21,Male,9492265
866,16,63,Female,9319823
867,18,44,Male,6512660
868,7,46,Female,1454991
869,10,64,Male,6044523
870,7,45,Male,5358966
871,1,52,Male,6752741
872,23,25,Female,5173554
873,21,33,Male,429528
874,19,59,Female,7995001
875,16,53,Male,9005789
876,29,47,Male,6455219
877,19,35,Male,1655824
878,4,19,Male,5270481
879,29,30,Male,6707692
880,28,21,Female,8532835
881,18,43,Female,1778055
882,2,42,Male,5197859
883,1,47,Male,9085745
884,15,28,Male,286854
885,5,24,Male,6667314
886,20,48,Female,5835395
887,11,61,Male,9053935
888,10,27,Female,1662153
889,2,56,Male,9878863
890,3,30,Female,7088610
891,23,48,Male,7847680
892,23,24,Male,1811684
893,12,59,Female,1814858
894,20,59,Male,484083
895,5,53,Male,9787924
896,5,37,Male,1906740
897,6,21,Female,5653393
898,9,24,Male,6289725
899,2,18,Male,7757950
900,21,61,Female,6714914
901,12,62,Female,7400873
902,3,59,Female,4589946
903,20,64,Male,8348199
904,26,30,Male,4306400
905,22,39,Male,4646094
906,12,38,Female,2712184
907,24,39,Male,7878491
908,17,45,Male,3775771
909,10,26,Female,1545724
910,24,43,Female,5880293
911,27,26,Female,1970730
912,14,32,Female,7348728
913,23,27,Female,9069281
914,17,41,Male,7102037
915,18,59,Female,4067224
916,19,25,Male,1099316
917,17,41,Male,4305915
918,14,33,Female,6765403
919,9,43,Female,6625241
920,8,44,Female,1641675
921,2,54,Male,9100281
922,13,21,Female,806849
923,25,41,Female,1166068
924,7,36,Female,7375131
925,9,53,Female,1040891
926,22,56,Female,758494
927,22,27,Male,8816785
928,11,42,Male,9036370
929,14,35,Male,7616432
930,4,36,Female,9161484
931,26,53,Female,3709697
932,26,27,Female,5282420
933,29,50,Male,9599792
934,13,22,Female,5332580
935,2,64,Female,7277003
936,23,52,Female,1765511
937,5,61,Male,3546815
938,11,51,Female,8439610
939,6,50,Male,7394844
940,18,38,Female,4615146
941,21,34,Male,9108947
942,10,39,Male,4144289
943,4,54,Male,5356826
944,9,32,Female,6395459
945,6,52,Female,1789006
946,2,45,Male,6077310
947,17,24,Male,4918478
948,5,49,Female,9022497
949,25,28,Female,8308143
950,6,27,Male,6358300
951,26,26,Female,5973333
952,12,31,Female,9319387
953,23,30,Female,6215958
954,21,42,Female,6606457
955,10,19,Male,6684155
956,22,52,Female,5742580
957,21,24,Female,5530724
958,27,38,Male,6030095
959,25,35,Male,230391
960,6,20,Female,6703541
961,27,59,Female,196387
962,8,56,Female,3637632
963,2,58,Female,4613474
964,12,28,Male,9767681
965,13,56,Male,2540394
966,25,41,Male,5601526
967,21,63,Female,9818271
968,7,36,Female,3296070
969,10,21,Female,691268
970,13,43,Female,806955
971,17,55,Male,9504617
972,26,59,Male,2018148
973,21,49,Female,6840735
974,28,56,Male,4472223
975,26,62,Female,9913201
976,14,63,Female,2449291
977,2,53,Male,152745
978,28,57,Female,3797824
979,22,54,Female,142686
980,11,50,Male,5255295
981,1,53,Female,4156923
982,19,20,Female,5684980
983,21,26,Male,5154534
984,4,25,Female,3319344
985,19,50,Male,54976
986,26,23,Female,2527620
987,29,58,Male,2032320
988,21,56,Male,1817105
989,11,21,Male,5766703
990,8,30,Female,1952238
991,11,19,Male,9789404
992,4,22,Male,6335034
993,17,61,Male,4814045
994,27,44,Male,8602467
995,7,49,Male,6407891
996,8,38,Female,7036845
997,3,25,Female,5399418
998,22,55,Female,50475
999,2,25,Female,8085552
1000,23,20,Female,3308364
